Date,Code,DataSource,Currency,Price,Quantity,Action,Fee,Note
05-01-2015,DLTR,YAHOO,USD,135.06,54,buy,1.0,Dollar Tree
12-01-2015,LULU,YAHOO,USD,212.03,55,sell,0,Lululemon
16-01-2015,W,YAHOO,USD,78.07,56,buy,0,Wayfair
19-01-2015,LULU,YAHOO,USD,500.5,43,buy,0,Lululemon
23-01-2015,DLTR,YAHOO,USD,101.43,70,buy,9.95,Dollar Tree
23-01-2015,NKE,YAHOO,USD,3.14,31,dividend,0,Nike Inc dividend
27-01-2015,DG,YAHOO,USD,178.67,54,buy,9.95,Dollar General
28-01-2015,SBUX,YAHOO,USD,99.88,7,buy,4.95,Starbucks
03-02-2015,DLTR,YAHOO,USD,36.48,72,sell,1.0,Dollar Tree
03-02-2015,DLTR,YAHOO,USD,69.2,19,sell,9.95,Dollar Tree
11-02-2015,LULU,YAHOO,USD,361.56,9,buy,0,Lululemon
11-02-2015,LULU,YAHOO,USD,0.95,34,dividend,0,Lululemon dividend
11-02-2015,GPS,YAHOO,USD,9.08,66,sell,0,Gap Inc
11-02-2015,GPS,YAHOO,USD,20.63,10,buy,1.0,Gap Inc
17-02-2015,DLTR,YAHOO,USD,158.16,74,buy,9.95,Dollar Tree
25-02-2015,GPS,YAHOO,USD,8.19,69,sell,1.0,Gap Inc
27-02-2015,GPS,YAHOO,USD,11.24,5,sell,1.0,Gap Inc
06-03-2015,SBUX,YAHOO,USD,102.3,63,buy,0,Starbucks
11-03-2015,ETSY,YAHOO,USD,29.54,53,sell,0,Etsy Inc
16-03-2015,GPS,YAHOO,USD,6.12,7,sell,1.0,Gap Inc
19-03-2015,LULU,YAHOO,USD,219.02,18,sell,0,Lululemon
26-03-2015,ETSY,YAHOO,USD,67.87,49,sell,0,Etsy Inc
27-03-2015,SBUX,YAHOO,USD,100.74,50,buy,1.0,Starbucks
01-04-2015,ETSY,YAHOO,USD,2.72,9,dividend,0,Etsy Inc dividend
03-04-2015,Account Fee,MANUAL,USD,0,0,fee,31.25,Quarterly fee
10-04-2015,Account Fee,MANUAL,USD,0,0,fee,38.5,Quarterly fee
10-04-2015,LULU,YAHOO,USD,401.81,58,buy,1.0,Lululemon
13-04-2015,GPS,YAHOO,USD,20.25,73,buy,4.95,Gap Inc
15-04-2015,ETSY,YAHOO,USD,1.03,37,dividend,0,Etsy Inc dividend
20-04-2015,LULU,YAHOO,USD,168.75,27,sell,0,Lululemon
20-04-2015,GPS,YAHOO,USD,3.82,79,sell,0,Gap Inc
21-04-2015,SBUX,YAHOO,USD,106.89,35,buy,0,Starbucks
22-04-2015,NKE,YAHOO,USD,119.06,16,buy,0,Nike Inc
24-04-2015,SBUX,YAHOO,USD,0.19,11,dividend,0,Starbucks dividend
30-04-2015,DG,YAHOO,USD,28.45,31,sell,0,Dollar General
01-05-2015,GPS,YAHOO,USD,21.37,79,buy,0,Gap Inc
04-05-2015,Account Fee,MANUAL,USD,0,0,fee,17.76,Quarterly fee
08-05-2015,DLTR,YAHOO,USD,157.48,50,buy,0,Dollar Tree
18-05-2015,ETSY,YAHOO,USD,179.44,14,buy,9.95,Etsy Inc
18-05-2015,DLTR,YAHOO,USD,2.47,16,dividend,0,Dollar Tree dividend
19-05-2015,DG,YAHOO,USD,193.78,43,buy,4.95,Dollar General
22-05-2015,DG,YAHOO,USD,62.85,36,sell,0,Dollar General
22-05-2015,DG,YAHOO,USD,2.47,44,dividend,0,Dollar General dividend
25-05-2015,ETSY,YAHOO,USD,87.77,70,sell,9.95,Etsy Inc
01-06-2015,DLTR,YAHOO,USD,34.82,11,sell,1.0,Dollar Tree
04-06-2015,W,YAHOO,USD,188.22,12,buy,0,Wayfair
12-06-2015,ETSY,YAHOO,USD,178.5,5,buy,4.95,Etsy Inc
15-06-2015,GPS,YAHOO,USD,1.39,14,dividend,0,Gap Inc dividend
15-06-2015,GPS,YAHOO,USD,19.48,45,buy,9.95,Gap Inc
15-06-2015,LULU,YAHOO,USD,203.91,54,sell,4.95,Lululemon
19-06-2015,SBUX,YAHOO,USD,57.48,75,sell,0,Starbucks
16-07-2015,DLTR,YAHOO,USD,67.71,45,sell,4.95,Dollar Tree
17-07-2015,DLTR,YAHOO,USD,1.83,38,dividend,0,Dollar Tree dividend
17-07-2015,W,YAHOO,USD,222.84,16,buy,9.95,Wayfair
20-07-2015,DG,YAHOO,USD,0.73,3,dividend,0,Dollar General dividend
27-07-2015,GPS,YAHOO,USD,4.23,1,sell,1.0,Gap Inc
10-08-2015,W,YAHOO,USD,132.5,1,buy,1.0,Wayfair
10-08-2015,NKE,YAHOO,USD,88.74,29,buy,0,Nike Inc
11-08-2015,DLTR,YAHOO,USD,86.3,11,buy,9.95,Dollar Tree
13-08-2015,ETSY,YAHOO,USD,77.16,37,sell,4.95,Etsy Inc
14-08-2015,GPS,YAHOO,USD,21.5,49,buy,9.95,Gap Inc
18-08-2015,SBUX,YAHOO,USD,41.29,5,sell,1.0,Starbucks
19-08-2015,GPS,YAHOO,USD,11.76,4,sell,9.95,Gap Inc
21-08-2015,GPS,YAHOO,USD,23.89,43,buy,0,Gap Inc
24-08-2015,SBUX,YAHOO,USD,51.28,4,sell,4.95,Starbucks
31-08-2015,DLTR,YAHOO,USD,2.44,20,dividend,0,Dollar Tree dividend
31-08-2015,GPS,YAHOO,USD,18.69,54,buy,0,Gap Inc
01-09-2015,NKE,YAHOO,USD,133.39,9,buy,4.95,Nike Inc
07-09-2015,DLTR,YAHOO,USD,84.52,19,buy,0,Dollar Tree
10-09-2015,LULU,YAHOO,USD,378.44,46,buy,0,Lululemon
15-09-2015,LULU,YAHOO,USD,273.51,60,buy,0,Lululemon
17-09-2015,SBUX,YAHOO,USD,2.54,28,dividend,0,Starbucks dividend
28-09-2015,SBUX,YAHOO,USD,25.28,25,sell,1.0,Starbucks
30-09-2015,NKE,YAHOO,USD,184.41,79,buy,0,Nike Inc
02-10-2015,ETSY,YAHOO,USD,80.1,34,sell,0,Etsy Inc
12-10-2015,DG,YAHOO,USD,192.96,73,buy,0,Dollar General
19-10-2015,ETSY,YAHOO,USD,65.69,53,buy,0,Etsy Inc
22-10-2015,GPS,YAHOO,USD,0.5,34,dividend,0,Gap Inc dividend
22-10-2015,Account Fee,MANUAL,USD,0,0,fee,17.21,Quarterly fee
26-10-2015,NKE,YAHOO,USD,3.18,17,dividend,0,Nike Inc dividend
29-10-2015,GPS,YAHOO,USD,23.37,36,buy,0,Gap Inc
04-11-2015,DLTR,YAHOO,USD,72.41,64,sell,0,Dollar Tree
11-11-2015,Account Fee,MANUAL,USD,0,0,fee,8.62,Quarterly fee
12-11-2015,W,YAHOO,USD,53.59,77,sell,0,Wayfair
17-11-2015,GPS,YAHOO,USD,11.25,75,sell,4.95,Gap Inc
19-11-2015,DG,YAHOO,USD,118.92,34,buy,1.0,Dollar General
30-11-2015,W,YAHOO,USD,87.44,60,sell,0,Wayfair
30-11-2015,ETSY,YAHOO,USD,197.42,4,buy,0,Etsy Inc
01-12-2015,NKE,YAHOO,USD,46.35,39,sell,0,Nike Inc
07-12-2015,DLTR,YAHOO,USD,52.41,66,sell,9.95,Dollar Tree
07-12-2015,Account Fee,MANUAL,USD,0,0,fee,42.56,Quarterly fee
07-12-2015,SBUX,YAHOO,USD,120.76,9,buy,4.95,Starbucks
09-12-2015,W,YAHOO,USD,37.19,39,sell,1.0,Wayfair
14-12-2015,Account Fee,MANUAL,USD,0,0,fee,23.6,Quarterly fee
14-12-2015,NKE,YAHOO,USD,53.65,39,sell,9.95,Nike Inc
15-12-2015,SBUX,YAHOO,USD,39.06,66,sell,1.0,Starbucks
16-12-2015,W,YAHOO,USD,110.99,54,sell,1.0,Wayfair
17-12-2015,W,YAHOO,USD,2.22,29,dividend,0,Wayfair dividend
18-12-2015,DLTR,YAHOO,USD,3.02,12,dividend,0,Dollar Tree dividend
18-12-2015,DG,YAHOO,USD,255.16,21,buy,4.95,Dollar General
21-12-2015,SBUX,YAHOO,USD,2.93,12,dividend,0,Starbucks dividend
22-12-2015,W,YAHOO,USD,0.72,16,dividend,0,Wayfair dividend
22-12-2015,SBUX,YAHOO,USD,125.73,50,buy,1.0,Starbucks
30-12-2015,W,YAHOO,USD,92.09,79,sell,0,Wayfair
01-01-2016,DLTR,YAHOO,USD,54.65,39,sell,9.95,Dollar Tree
04-01-2016,W,YAHOO,USD,138.67,27,buy,1.0,Wayfair
11-01-2016,NKE,YAHOO,USD,215.2,46,buy,0,Nike Inc
18-01-2016,GPS,YAHOO,USD,1.8,36,dividend,0,Gap Inc dividend
25-01-2016,DLTR,YAHOO,USD,44.88,74,sell,0,Dollar Tree
25-01-2016,LULU,YAHOO,USD,477.78,21,buy,4.95,Lululemon
26-01-2016,Account Fee,MANUAL,USD,0,0,fee,41.23,Quarterly fee
01-02-2016,NKE,YAHOO,USD,182.62,79,buy,1.0,Nike Inc
08-02-2016,DLTR,YAHOO,USD,171.65,71,buy,0,Dollar Tree
09-02-2016,DG,YAHOO,USD,202.82,70,buy,9.95,Dollar General
18-02-2016,DG,YAHOO,USD,94.54,29,sell,0,Dollar General
22-02-2016,NKE,YAHOO,USD,99.14,71,buy,0,Nike Inc
23-02-2016,GPS,YAHOO,USD,9.73,58,sell,4.95,Gap Inc
07-03-2016,GPS,YAHOO,USD,21.17,51,buy,1.0,Gap Inc
07-03-2016,SBUX,YAHOO,USD,2.71,31,dividend,0,Starbucks dividend
07-03-2016,ETSY,YAHOO,USD,28.17,69,sell,9.95,Etsy Inc
15-03-2016,GPS,YAHOO,USD,10.92,24,sell,1.0,Gap Inc
25-03-2016,GPS,YAHOO,USD,6.38,59,sell,4.95,Gap Inc
25-03-2016,ETSY,YAHOO,USD,139.97,39,buy,0,Etsy Inc
28-03-2016,DG,YAHOO,USD,0.26,49,dividend,0,Dollar General dividend
28-03-2016,LULU,YAHOO,USD,104.5,17,sell,9.95,Lululemon
28-03-2016,LULU,YAHOO,USD,142.81,62,sell,0,Lululemon
04-04-2016,LULU,YAHOO,USD,368.53,74,buy,4.95,Lululemon
04-04-2016,DLTR,YAHOO,USD,86.21,69,buy,1.0,Dollar Tree
07-04-2016,DG,YAHOO,USD,3.15,28,dividend,0,Dollar General dividend
11-04-2016,DLTR,YAHOO,USD,107.49,51,buy,1.0,Dollar Tree
11-04-2016,ETSY,YAHOO,USD,1.7,4,dividend,0,Etsy Inc dividend
12-04-2016,SBUX,YAHOO,USD,32.98,65,sell,0,Starbucks
18-04-2016,NKE,YAHOO,USD,33.83,2,sell,0,Nike Inc
21-04-2016,ETSY,YAHOO,USD,0.55,47,dividend,0,Etsy Inc dividend
22-04-2016,GPS,YAHOO,USD,21.35,7,buy,0,Gap Inc
09-05-2016,DLTR,YAHOO,USD,129.02,63,buy,0,Dollar Tree
09-05-2016,ETSY,YAHOO,USD,25.56,66,sell,9.95,Etsy Inc
10-05-2016,DLTR,YAHOO,USD,33.85,34,sell,9.95,Dollar Tree
12-05-2016,NKE,YAHOO,USD,0.92,3,dividend,0,Nike Inc dividend
19-05-2016,GPS,YAHOO,USD,7.35,45,sell,4.95,Gap Inc
20-05-2016,ETSY,YAHOO,USD,21.51,80,sell,0,Etsy Inc
20-05-2016,DG,YAHOO,USD,204.68,53,buy,1.0,Dollar General
23-05-2016,GPS,YAHOO,USD,11.14,27,sell,0,Gap Inc
25-05-2016,ETSY,YAHOO,USD,0.69,27,dividend,0,Etsy Inc dividend
26-05-2016,GPS,YAHOO,USD,0.63,14,dividend,0,Gap Inc dividend
31-05-2016,Account Fee,MANUAL,USD,0,0,fee,33.22,Quarterly fee
02-06-2016,GPS,YAHOO,USD,2.42,25,dividend,0,Gap Inc dividend
02-06-2016,Account Fee,MANUAL,USD,0,0,fee,49.36,Quarterly fee
03-06-2016,SBUX,YAHOO,USD,138.78,51,buy,0,Starbucks
07-06-2016,GPS,YAHOO,USD,24.13,3,buy,0,Gap Inc
20-06-2016,DG,YAHOO,USD,123.77,56,buy,1.0,Dollar General
27-06-2016,LULU,YAHOO,USD,356.11,34,buy,4.95,Lululemon
27-06-2016,GPS,YAHOO,USD,20.76,1,buy,0,Gap Inc
04-07-2016,ETSY,YAHOO,USD,45.61,53,sell,0,Etsy Inc
04-07-2016,ETSY,YAHOO,USD,1.65,6,dividend,0,Etsy Inc dividend
11-07-2016,NKE,YAHOO,USD,0.9,23,dividend,0,Nike Inc dividend
12-07-2016,NKE,YAHOO,USD,43.45,74,sell,0,Nike Inc
13-07-2016,DLTR,YAHOO,USD,142.81,16,buy,1.0,Dollar Tree
18-07-2016,W,YAHOO,USD,2.74,35,dividend,0,Wayfair dividend
18-07-2016,LULU,YAHOO,USD,155.33,58,sell,0,Lululemon
25-07-2016,SBUX,YAHOO,USD,24.09,62,sell,4.95,Starbucks
05-08-2016,DLTR,YAHOO,USD,164.32,7,buy,0,Dollar Tree
08-08-2016,LULU,YAHOO,USD,146.32,25,sell,4.95,Lululemon
08-08-2016,ETSY,YAHOO,USD,69.77,62,buy,1.0,Etsy Inc
15-08-2016,SBUX,YAHOO,USD,110.28,35,buy,4.95,Starbucks
19-08-2016,DG,YAHOO,USD,140.24,38,buy,1.0,Dollar General
24-08-2016,GPS,YAHOO,USD,3.49,8,dividend,0,Gap Inc dividend
09-09-2016,DG,YAHOO,USD,297.0,75,buy,9.95,Dollar General
09-09-2016,W,YAHOO,USD,69.33,56,buy,0,Wayfair
09-09-2016,ETSY,YAHOO,USD,2.56,27,dividend,0,Etsy Inc dividend
12-09-2016,ETSY,YAHOO,USD,179.31,14,buy,1.0,Etsy Inc
12-09-2016,W,YAHOO,USD,46.33,45,sell,1.0,Wayfair
30-09-2016,ETSY,YAHOO,USD,68.62,52,buy,0,Etsy Inc
03-10-2016,W,YAHOO,USD,175.28,27,buy,0,Wayfair
04-10-2016,SBUX,YAHOO,USD,56.31,17,sell,0,Starbucks
05-10-2016,DLTR,YAHOO,USD,21.9,41,sell,1.0,Dollar Tree
10-10-2016,LULU,YAHOO,USD,354.97,22,buy,4.95,Lululemon
12-10-2016,LULU,YAHOO,USD,400.54,55,buy,4.95,Lululemon
14-10-2016,W,YAHOO,USD,121.61,42,buy,1.0,Wayfair
17-10-2016,GPS,YAHOO,USD,0.78,36,dividend,0,Gap Inc dividend
21-10-2016,NKE,YAHOO,USD,110.4,56,buy,0,Nike Inc
24-10-2016,LULU,YAHOO,USD,350.32,23,buy,0,Lululemon
25-10-2016,NKE,YAHOO,USD,114.01,66,buy,0,Nike Inc
01-11-2016,DLTR,YAHOO,USD,52.61,73,sell,1.0,Dollar Tree
02-11-2016,SBUX,YAHOO,USD,117.46,22,buy,0,Starbucks
07-11-2016,NKE,YAHOO,USD,0.32,40,dividend,0,Nike Inc dividend
10-11-2016,SBUX,YAHOO,USD,47.29,79,sell,0,Starbucks
14-11-2016,DLTR,YAHOO,USD,26.23,47,sell,0,Dollar Tree
14-11-2016,NKE,YAHOO,USD,1.88,17,dividend,0,Nike Inc dividend
17-11-2016,DG,YAHOO,USD,233.2,68,buy,4.95,Dollar General
21-11-2016,DG,YAHOO,USD,317.32,22,buy,0,Dollar General
21-11-2016,ETSY,YAHOO,USD,141.02,28,buy,4.95,Etsy Inc
28-11-2016,DG,YAHOO,USD,1.19,23,dividend,0,Dollar General dividend
01-12-2016,ETSY,YAHOO,USD,16.32,15,sell,1.0,Etsy Inc
01-12-2016,NKE,YAHOO,USD,114.51,80,buy,0,Nike Inc
05-12-2016,Account Fee,MANUAL,USD,0,0,fee,31.11,Quarterly fee
09-12-2016,W,YAHOO,USD,3.06,44,dividend,0,Wayfair dividend
14-12-2016,SBUX,YAHOO,USD,142.39,4,buy,0,Starbucks
15-12-2016,LULU,YAHOO,USD,1.27,33,dividend,0,Lululemon dividend
26-12-2016,SBUX,YAHOO,USD,92.84,28,buy,0,Starbucks
29-12-2016,DLTR,YAHOO,USD,90.38,21,sell,1.0,Dollar Tree
02-01-2017,DLTR,YAHOO,USD,1.28,6,dividend,0,Dollar Tree dividend
05-01-2017,ETSY,YAHOO,USD,79.73,72,buy,1.0,Etsy Inc
06-01-2017,DLTR,YAHOO,USD,51.72,17,sell,4.95,Dollar Tree
12-01-2017,W,YAHOO,USD,0.1,30,dividend,0,Wayfair dividend
16-01-2017,GPS,YAHOO,USD,17.66,69,buy,9.95,Gap Inc
16-01-2017,DLTR,YAHOO,USD,113.37,8,buy,9.95,Dollar Tree
17-01-2017,GPS,YAHOO,USD,10.26,41,sell,1.0,Gap Inc
19-01-2017,NKE,YAHOO,USD,151.54,75,buy,0,Nike Inc
30-01-2017,DG,YAHOO,USD,203.4,76,buy,0,Dollar General
31-01-2017,NKE,YAHOO,USD,151.41,58,buy,0,Nike Inc
06-02-2017,GPS,YAHOO,USD,20.11,9,buy,0,Gap Inc
06-02-2017,ETSY,YAHOO,USD,94.62,3,sell,0,Etsy Inc
10-02-2017,DG,YAHOO,USD,2.8,32,dividend,0,Dollar General dividend
13-02-2017,DG,YAHOO,USD,151.71,27,buy,4.95,Dollar General
13-02-2017,LULU,YAHOO,USD,85.17,48,sell,0,Lululemon
20-02-2017,DLTR,YAHOO,USD,118.15,58,buy,0,Dollar Tree
20-02-2017,ETSY,YAHOO,USD,188.56,6,buy,0,Etsy Inc
27-02-2017,ETSY,YAHOO,USD,157.51,15,buy,9.95,Etsy Inc
27-02-2017,Account Fee,MANUAL,USD,0,0,fee,29.36,Quarterly fee
28-02-2017,GPS,YAHOO,USD,20.2,38,buy,0,Gap Inc
06-03-2017,W,YAHOO,USD,22.38,31,sell,0,Wayfair
13-03-2017,W,YAHOO,USD,2.11,43,dividend,0,Wayfair dividend
15-03-2017,NKE,YAHOO,USD,42.64,11,sell,0,Nike Inc
15-03-2017,GPS,YAHOO,USD,1.54,19,dividend,0,Gap Inc dividend
21-03-2017,LULU,YAHOO,USD,177.43,58,sell,4.95,Lululemon
27-03-2017,SBUX,YAHOO,USD,65.87,75,sell,0,Starbucks
05-04-2017,LULU,YAHOO,USD,378.32,47,buy,9.95,Lululemon
11-04-2017,W,YAHOO,USD,35.22,70,buy,1.0,Wayfair
17-04-2017,ETSY,YAHOO,USD,72.77,63,sell,9.95,Etsy Inc
24-04-2017,NKE,YAHOO,USD,116.23,29,buy,0,Nike Inc
27-04-2017,ETSY,YAHOO,USD,58.1,51,sell,0,Etsy Inc
28-04-2017,LULU,YAHOO,USD,473.42,19,buy,4.95,Lululemon
01-05-2017,SBUX,YAHOO,USD,3.31,40,dividend,0,Starbucks dividend
01-05-2017,NKE,YAHOO,USD,2.16,15,dividend,0,Nike Inc dividend
05-05-2017,DG,YAHOO,USD,0.73,4,dividend,0,Dollar General dividend
08-05-2017,Account Fee,MANUAL,USD,0,0,fee,7.13,Quarterly fee
09-05-2017,DLTR,YAHOO,USD,0.59,43,dividend,0,Dollar Tree dividend
16-05-2017,ETSY,YAHOO,USD,0.42,3,dividend,0,Etsy Inc dividend
18-05-2017,GPS,YAHOO,USD,8.95,44,sell,4.95,Gap Inc
22-05-2017,NKE,YAHOO,USD,129.53,53,buy,4.95,Nike Inc
29-05-2017,NKE,YAHOO,USD,93.87,8,buy,0,Nike Inc
29-05-2017,W,YAHOO,USD,68.8,28,sell,4.95,Wayfair
30-05-2017,LULU,YAHOO,USD,138.99,3,sell,0,Lululemon
02-06-2017,NKE,YAHOO,USD,38.82,39,sell,1.0,Nike Inc
02-06-2017,ETSY,YAHOO,USD,64.04,70,sell,1.0,Etsy Inc
02-06-2017,SBUX,YAHOO,USD,104.5,27,buy,1.0,Starbucks
05-06-2017,ETSY,YAHOO,USD,1.35,23,dividend,0,Etsy Inc dividend
12-06-2017,W,YAHOO,USD,168.19,39,buy,0,Wayfair
12-06-2017,DG,YAHOO,USD,0.25,43,dividend,0,Dollar General dividend
12-06-2017,NKE,YAHOO,USD,51.71,24,sell,0,Nike Inc
16-06-2017,ETSY,YAHOO,USD,1.06,18,dividend,0,Etsy Inc dividend
19-06-2017,DLTR,YAHOO,USD,43.94,22,sell,0,Dollar Tree
19-06-2017,GPS,YAHOO,USD,5.27,74,sell,0,Gap Inc
21-06-2017,GPS,YAHOO,USD,19.26,64,buy,0,Gap Inc
23-06-2017,GPS,YAHOO,USD,1.14,8,dividend,0,Gap Inc dividend
28-06-2017,SBUX,YAHOO,USD,110.19,43,buy,0,Starbucks
03-07-2017,NKE,YAHOO,USD,2.03,33,dividend,0,Nike Inc dividend
07-07-2017,ETSY,YAHOO,USD,179.6,56,buy,4.95,Etsy Inc
10-07-2017,ETSY,YAHOO,USD,120.93,66,buy,0,Etsy Inc
17-07-2017,LULU,YAHOO,USD,175.58,16,sell,0,Lululemon
19-07-2017,SBUX,YAHOO,USD,106.39,64,buy,4.95,Starbucks
19-07-2017,GPS,YAHOO,USD,22.92,20,buy,0,Gap Inc
21-07-2017,SBUX,YAHOO,USD,31.17,20,sell,0,Starbucks
24-07-2017,Account Fee,MANUAL,USD,0,0,fee,7.28,Quarterly fee
24-07-2017,Account Fee,MANUAL,USD,0,0,fee,13.19,Quarterly fee
25-07-2017,NKE,YAHOO,USD,159.63,18,buy,0,Nike Inc
31-07-2017,GPS,YAHOO,USD,22.99,78,buy,0,Gap Inc
03-08-2017,SBUX,YAHOO,USD,134.97,75,buy,0,Starbucks
03-08-2017,DG,YAHOO,USD,63.8,64,sell,0,Dollar General
04-08-2017,SBUX,YAHOO,USD,23.65,62,sell,0,Starbucks
04-08-2017,SBUX,YAHOO,USD,23.77,49,sell,1.0,Starbucks
07-08-2017,DG,YAHOO,USD,90.63,71,sell,0,Dollar General
07-08-2017,ETSY,YAHOO,USD,82.05,17,sell,1.0,Etsy Inc
10-08-2017,LULU,YAHOO,USD,378.85,13,buy,9.95,Lululemon
14-08-2017,DLTR,YAHOO,USD,131.84,32,buy,1.0,Dollar Tree
14-08-2017,ETSY,YAHOO,USD,36.99,63,sell,1.0,Etsy Inc
15-08-2017,SBUX,YAHOO,USD,40.57,43,sell,0,Starbucks
24-08-2017,DG,YAHOO,USD,238.31,74,buy,0,Dollar General
31-08-2017,W,YAHOO,USD,0.39,37,dividend,0,Wayfair dividend
08-09-2017,DLTR,YAHOO,USD,49.26,28,sell,0,Dollar Tree
12-09-2017,NKE,YAHOO,USD,160.21,41,buy,1.0,Nike Inc
13-09-2017,Account Fee,MANUAL,USD,0,0,fee,45.51,Quarterly fee
19-09-2017,NKE,YAHOO,USD,159.05,37,buy,0,Nike Inc
19-09-2017,W,YAHOO,USD,64.72,70,sell,0,Wayfair
19-09-2017,W,YAHOO,USD,63.07,40,sell,0,Wayfair
02-10-2017,SBUX,YAHOO,USD,32.55,1,sell,0,Starbucks
09-10-2017,W,YAHOO,USD,25.59,28,sell,4.95,Wayfair
17-10-2017,LULU,YAHOO,USD,142.07,3,sell,0,Lululemon
19-10-2017,DLTR,YAHOO,USD,115.81,57,buy,9.95,Dollar Tree
26-10-2017,GPS,YAHOO,USD,18.61,35,buy,4.95,Gap Inc
09-11-2017,ETSY,YAHOO,USD,57.18,50,buy,9.95,Etsy Inc
20-11-2017,W,YAHOO,USD,3.38,17,dividend,0,Wayfair dividend
21-11-2017,DLTR,YAHOO,USD,106.82,29,buy,0,Dollar Tree
23-11-2017,DG,YAHOO,USD,168.06,51,buy,0,Dollar General
27-11-2017,Account Fee,MANUAL,USD,0,0,fee,34.1,Quarterly fee
01-12-2017,DG,YAHOO,USD,255.15,27,buy,0,Dollar General
04-12-2017,W,YAHOO,USD,58.09,59,sell,0,Wayfair
05-12-2017,DLTR,YAHOO,USD,1.5,28,dividend,0,Dollar Tree dividend
07-12-2017,SBUX,YAHOO,USD,1.5,37,dividend,0,Starbucks dividend
08-12-2017,GPS,YAHOO,USD,2.26,31,dividend,0,Gap Inc dividend
11-12-2017,W,YAHOO,USD,0.11,48,dividend,0,Wayfair dividend
15-12-2017,NKE,YAHOO,USD,1.72,1,dividend,0,Nike Inc dividend
18-12-2017,Account Fee,MANUAL,USD,0,0,fee,42.05,Quarterly fee
21-12-2017,DG,YAHOO,USD,220.06,63,buy,9.95,Dollar General
26-12-2017,GPS,YAHOO,USD,3.96,36,sell,0,Gap Inc
29-12-2017,NKE,YAHOO,USD,109.77,64,buy,0,Nike Inc
01-01-2018,SBUX,YAHOO,USD,139.6,74,buy,9.95,Starbucks
08-01-2018,NKE,YAHOO,USD,150.18,64,buy,1.0,Nike Inc
08-01-2018,DLTR,YAHOO,USD,56.97,40,sell,9.95,Dollar Tree
08-01-2018,Account Fee,MANUAL,USD,0,0,fee,5.94,Quarterly fee
11-01-2018,GPS,YAHOO,USD,1.49,23,dividend,0,Gap Inc dividend
12-01-2018,W,YAHOO,USD,66.84,29,buy,0,Wayfair
15-01-2018,DLTR,YAHOO,USD,121.87,37,buy,9.95,Dollar Tree
01-02-2018,ETSY,YAHOO,USD,35.57,46,sell,0,Etsy Inc
09-02-2018,DG,YAHOO,USD,43.99,6,sell,4.95,Dollar General
12-02-2018,Account Fee,MANUAL,USD,0,0,fee,33.29,Quarterly fee
14-02-2018,NKE,YAHOO,USD,179.68,71,buy,0,Nike Inc
15-02-2018,SBUX,YAHOO,USD,66.32,48,sell,0,Starbucks
19-02-2018,LULU,YAHOO,USD,439.56,36,buy,1.0,Lululemon
19-02-2018,GPS,YAHOO,USD,24.04,26,buy,1.0,Gap Inc
19-02-2018,W,YAHOO,USD,23.17,20,sell,9.95,Wayfair
23-02-2018,ETSY,YAHOO,USD,33.85,73,sell,4.95,Etsy Inc
23-02-2018,ETSY,YAHOO,USD,51.76,47,sell,0,Etsy Inc
05-03-2018,SBUX,YAHOO,USD,49.85,27,sell,1.0,Starbucks
08-03-2018,SBUX,YAHOO,USD,21.67,38,sell,9.95,Starbucks
16-03-2018,DLTR,YAHOO,USD,146.64,63,buy,0,Dollar Tree
19-03-2018,Account Fee,MANUAL,USD,0,0,fee,38.04,Quarterly fee
20-03-2018,LULU,YAHOO,USD,83.03,24,sell,0,Lululemon
23-03-2018,LULU,YAHOO,USD,2.66,40,dividend,0,Lululemon dividend
26-03-2018,DLTR,YAHOO,USD,30.55,39,sell,0,Dollar Tree
28-03-2018,ETSY,YAHOO,USD,45.55,76,sell,1.0,Etsy Inc
09-04-2018,Account Fee,MANUAL,USD,0,0,fee,46.17,Quarterly fee
09-04-2018,NKE,YAHOO,USD,149.37,13,buy,1.0,Nike Inc
09-04-2018,GPS,YAHOO,USD,20.58,23,buy,0,Gap Inc
23-04-2018,NKE,YAHOO,USD,158.27,72,buy,4.95,Nike Inc
23-04-2018,GPS,YAHOO,USD,2.57,16,dividend,0,Gap Inc dividend
24-04-2018,DG,YAHOO,USD,2.0,31,dividend,0,Dollar General dividend
30-04-2018,NKE,YAHOO,USD,22.89,46,sell,9.95,Nike Inc
09-05-2018,SBUX,YAHOO,USD,108.23,59,buy,0,Starbucks
14-05-2018,SBUX,YAHOO,USD,109.14,1,buy,0,Starbucks
17-05-2018,Account Fee,MANUAL,USD,0,0,fee,24.79,Quarterly fee
17-05-2018,W,YAHOO,USD,97.86,56,sell,0,Wayfair
21-05-2018,LULU,YAHOO,USD,134.57,32,sell,0,Lululemon
21-05-2018,W,YAHOO,USD,1.33,13,dividend,0,Wayfair dividend
23-05-2018,DG,YAHOO,USD,181.93,70,buy,9.95,Dollar General
28-05-2018,SBUX,YAHOO,USD,129.05,16,buy,0,Starbucks
28-05-2018,DG,YAHOO,USD,115.1,28,sell,1.0,Dollar General
30-05-2018,DLTR,YAHOO,USD,65.89,49,sell,1.0,Dollar Tree
31-05-2018,GPS,YAHOO,USD,9.23,29,sell,9.95,Gap Inc
01-06-2018,W,YAHOO,USD,1.12,37,dividend,0,Wayfair dividend
18-06-2018,ETSY,YAHOO,USD,60.1,55,sell,1.0,Etsy Inc
20-06-2018,W,YAHOO,USD,50.2,42,buy,1.0,Wayfair
21-06-2018,GPS,YAHOO,USD,9.6,9,sell,1.0,Gap Inc
25-06-2018,LULU,YAHOO,USD,241.5,76,sell,0,Lululemon
27-06-2018,GPS,YAHOO,USD,6.59,19,sell,9.95,Gap Inc
03-07-2018,DG,YAHOO,USD,44.7,52,sell,0,Dollar General
16-07-2018,DG,YAHOO,USD,303.37,14,buy,0,Dollar General
17-07-2018,W,YAHOO,USD,32.65,74,sell,0,Wayfair
20-07-2018,ETSY,YAHOO,USD,51.26,45,sell,4.95,Etsy Inc
23-07-2018,NKE,YAHOO,USD,39.37,27,sell,0,Nike Inc
23-07-2018,SBUX,YAHOO,USD,50.8,15,sell,0,Starbucks
26-07-2018,SBUX,YAHOO,USD,122.06,37,buy,0,Starbucks
26-07-2018,GPS,YAHOO,USD,6.64,75,sell,9.95,Gap Inc
27-07-2018,W,YAHOO,USD,196.14,37,buy,0,Wayfair
30-07-2018,LULU,YAHOO,USD,338.92,25,buy,9.95,Lululemon
30-07-2018,SBUX,YAHOO,USD,58.44,4,sell,1.0,Starbucks
06-08-2018,ETSY,YAHOO,USD,91.11,6,sell,4.95,Etsy Inc
16-08-2018,DG,YAHOO,USD,45.4,49,sell,0,Dollar General
20-08-2018,W,YAHOO,USD,109.54,19,buy,0,Wayfair
20-08-2018,W,YAHOO,USD,130.81,66,buy,9.95,Wayfair
27-08-2018,NKE,YAHOO,USD,2.43,3,dividend,0,Nike Inc dividend
29-08-2018,ETSY,YAHOO,USD,59.71,30,sell,1.0,Etsy Inc
31-08-2018,SBUX,YAHOO,USD,0.44,2,dividend,0,Starbucks dividend
03-09-2018,DG,YAHOO,USD,180.72,59,buy,1.0,Dollar General
03-09-2018,GPS,YAHOO,USD,20.37,33,buy,1.0,Gap Inc
05-09-2018,NKE,YAHOO,USD,113.64,80,buy,9.95,Nike Inc
07-09-2018,SBUX,YAHOO,USD,21.2,43,sell,1.0,Starbucks
10-09-2018,Account Fee,MANUAL,USD,0,0,fee,49.11,Quarterly fee
10-09-2018,SBUX,YAHOO,USD,22.0,80,sell,1.0,Starbucks
13-09-2018,W,YAHOO,USD,49.61,26,sell,9.95,Wayfair
18-09-2018,NKE,YAHOO,USD,171.72,20,buy,0,Nike Inc
01-10-2018,SBUX,YAHOO,USD,51.05,33,sell,0,Starbucks
01-10-2018,ETSY,YAHOO,USD,99.27,36,buy,4.95,Etsy Inc
01-10-2018,LULU,YAHOO,USD,378.21,80,buy,0,Lululemon
02-10-2018,SBUX,YAHOO,USD,55.64,17,sell,9.95,Starbucks
03-10-2018,NKE,YAHOO,USD,50.15,23,sell,0,Nike Inc
04-10-2018,DLTR,YAHOO,USD,150.39,44,buy,4.95,Dollar Tree
11-10-2018,NKE,YAHOO,USD,141.34,37,buy,0,Nike Inc
22-10-2018,NKE,YAHOO,USD,34.5,2,sell,0,Nike Inc
22-10-2018,NKE,YAHOO,USD,104.69,34,buy,1.0,Nike Inc
22-10-2018,LULU,YAHOO,USD,186.44,26,sell,9.95,Lululemon
26-10-2018,DG,YAHOO,USD,0.29,21,dividend,0,Dollar General dividend
29-10-2018,SBUX,YAHOO,USD,138.12,39,buy,9.95,Starbucks
29-10-2018,Account Fee,MANUAL,USD,0,0,fee,21.45,Quarterly fee
05-11-2018,DG,YAHOO,USD,332.13,53,buy,0,Dollar General
07-11-2018,GPS,YAHOO,USD,5.39,9,sell,0,Gap Inc
09-11-2018,LULU,YAHOO,USD,397.79,50,buy,9.95,Lululemon
12-11-2018,SBUX,YAHOO,USD,92.35,20,buy,0,Starbucks
19-11-2018,DLTR,YAHOO,USD,35.87,29,sell,9.95,Dollar Tree
28-11-2018,ETSY,YAHOO,USD,134.78,75,buy,1.0,Etsy Inc
30-11-2018,DLTR,YAHOO,USD,52.41,34,sell,0,Dollar Tree
30-11-2018,GPS,YAHOO,USD,19.37,50,buy,0,Gap Inc
04-12-2018,DLTR,YAHOO,USD,23.19,26,sell,1.0,Dollar Tree
10-12-2018,GPS,YAHOO,USD,20.29,6,buy,4.95,Gap Inc
10-12-2018,ETSY,YAHOO,USD,3.02,38,dividend,0,Etsy Inc dividend
10-12-2018,W,YAHOO,USD,130.7,1,buy,4.95,Wayfair
12-12-2018,GPS,YAHOO,USD,0.52,38,dividend,0,Gap Inc dividend
14-12-2018,NKE,YAHOO,USD,134.86,46,buy,1.0,Nike Inc
17-12-2018,SBUX,YAHOO,USD,113.59,59,buy,9.95,Starbucks
18-12-2018,DG,YAHOO,USD,162.05,43,buy,9.95,Dollar General
19-12-2018,Account Fee,MANUAL,USD,0,0,fee,41.74,Quarterly fee
28-12-2018,Account Fee,MANUAL,USD,0,0,fee,41.65,Quarterly fee
31-12-2018,DLTR,YAHOO,USD,55.26,10,sell,4.95,Dollar Tree
03-01-2019,NKE,YAHOO,USD,186.33,76,buy,0,Nike Inc
04-01-2019,LULU,YAHOO,USD,138.53,24,sell,0,Lululemon
04-01-2019,LULU,YAHOO,USD,1.28,13,dividend,0,Lululemon dividend
07-01-2019,DG,YAHOO,USD,125.08,79,sell,9.95,Dollar General
21-01-2019,Account Fee,MANUAL,USD,0,0,fee,27.75,Quarterly fee
21-01-2019,GPS,YAHOO,USD,4.49,41,sell,0,Gap Inc
23-01-2019,ETSY,YAHOO,USD,19.91,78,sell,0,Etsy Inc
24-01-2019,Account Fee,MANUAL,USD,0,0,fee,21.58,Quarterly fee
25-01-2019,DLTR,YAHOO,USD,2.01,33,dividend,0,Dollar Tree dividend
01-02-2019,LULU,YAHOO,USD,3.33,16,dividend,0,Lululemon dividend
04-02-2019,Account Fee,MANUAL,USD,0,0,fee,26.01,Quarterly fee
05-02-2019,ETSY,YAHOO,USD,102.92,25,sell,0,Etsy Inc
07-02-2019,ETSY,YAHOO,USD,87.52,80,buy,0,Etsy Inc
11-02-2019,ETSY,YAHOO,USD,147.68,51,buy,9.95,Etsy Inc
13-02-2019,W,YAHOO,USD,36.62,40,sell,0,Wayfair
15-02-2019,GPS,YAHOO,USD,4.85,32,sell,0,Gap Inc
04-03-2019,LULU,YAHOO,USD,69.11,25,sell,9.95,Lululemon
04-03-2019,GPS,YAHOO,USD,22.74,80,buy,0,Gap Inc
05-03-2019,ETSY,YAHOO,USD,1.63,43,dividend,0,Etsy Inc dividend
05-03-2019,ETSY,YAHOO,USD,20.57,13,sell,0,Etsy Inc
06-03-2019,NKE,YAHOO,USD,126.65,30,buy,1.0,Nike Inc
11-03-2019,DLTR,YAHOO,USD,21.9,10,sell,9.95,Dollar Tree
12-03-2019,DLTR,YAHOO,USD,99.4,56,buy,1.0,Dollar Tree
12-03-2019,GPS,YAHOO,USD,2.97,23,dividend,0,Gap Inc dividend
14-03-2019,DG,YAHOO,USD,1.82,42,dividend,0,Dollar General dividend
14-03-2019,DG,YAHOO,USD,80.25,21,sell,9.95,Dollar General
18-03-2019,DG,YAHOO,USD,190.31,74,buy,9.95,Dollar General
22-03-2019,SBUX,YAHOO,USD,102.5,56,buy,9.95,Starbucks
25-03-2019,LULU,YAHOO,USD,340.53,78,buy,0,Lululemon
01-04-2019,LULU,YAHOO,USD,304.47,4,buy,9.95,Lululemon
03-04-2019,DLTR,YAHOO,USD,100.84,7,buy,0,Dollar Tree
22-04-2019,SBUX,YAHOO,USD,95.22,73,buy,0,Starbucks
22-04-2019,NKE,YAHOO,USD,99.03,75,buy,0,Nike Inc
24-04-2019,W,YAHOO,USD,70.91,65,buy,9.95,Wayfair
25-04-2019,Account Fee,MANUAL,USD,0,0,fee,15.52,Quarterly fee
26-04-2019,SBUX,YAHOO,USD,2.62,5,dividend,0,Starbucks dividend
01-05-2019,ETSY,YAHOO,USD,68.62,25,buy,9.95,Etsy Inc
09-05-2019,DG,YAHOO,USD,93.17,71,sell,1.0,Dollar General
09-05-2019,W,YAHOO,USD,14.8,29,sell,0,Wayfair
20-05-2019,W,YAHOO,USD,22.03,18,sell,4.95,Wayfair
20-05-2019,NKE,YAHOO,USD,114.74,11,buy,4.95,Nike Inc
28-05-2019,Account Fee,MANUAL,USD,0,0,fee,26.36,Quarterly fee
03-06-2019,SBUX,YAHOO,USD,36.58,14,sell,0,Starbucks
12-06-2019,GPS,YAHOO,USD,2.8,10,dividend,0,Gap Inc dividend
24-06-2019,DLTR,YAHOO,USD,24.59,62,sell,1.0,Dollar Tree
01-07-2019,DG,YAHOO,USD,253.76,27,buy,1.0,Dollar General
04-07-2019,W,YAHOO,USD,86.15,28,sell,0,Wayfair
04-07-2019,NKE,YAHOO,USD,0.16,49,dividend,0,Nike Inc dividend
08-07-2019,SBUX,YAHOO,USD,3.17,40,dividend,0,Starbucks dividend
15-07-2019,SBUX,YAHOO,USD,120.79,25,buy,1.0,Starbucks
15-07-2019,SBUX,YAHOO,USD,108.1,48,buy,0,Starbucks
24-07-2019,DG,YAHOO,USD,205.13,1,buy,4.95,Dollar General
29-07-2019,DLTR,YAHOO,USD,27.52,75,sell,4.95,Dollar Tree
30-07-2019,DLTR,YAHOO,USD,169.43,52,buy,1.0,Dollar Tree
31-07-2019,GPS,YAHOO,USD,6.8,11,sell,0,Gap Inc
01-08-2019,GPS,YAHOO,USD,1.27,20,dividend,0,Gap Inc dividend
05-08-2019,DG,YAHOO,USD,75.7,21,sell,0,Dollar General
09-08-2019,NKE,YAHOO,USD,44.14,9,sell,4.95,Nike Inc
19-08-2019,DLTR,YAHOO,USD,75.89,6,sell,0,Dollar Tree
21-08-2019,DLTR,YAHOO,USD,172.53,16,buy,9.95,Dollar Tree
21-08-2019,DG,YAHOO,USD,277.82,50,buy,0,Dollar General
28-08-2019,ETSY,YAHOO,USD,131.04,14,buy,9.95,Etsy Inc
28-08-2019,DLTR,YAHOO,USD,148.71,1,buy,0,Dollar Tree
02-09-2019,SBUX,YAHOO,USD,104.91,30,buy,1.0,Starbucks
12-09-2019,NKE,YAHOO,USD,53.42,57,sell,0,Nike Inc
30-09-2019,GPS,YAHOO,USD,16.61,19,buy,0,Gap Inc
01-10-2019,SBUX,YAHOO,USD,120.12,7,buy,4.95,Starbucks
01-10-2019,DLTR,YAHOO,USD,127.54,17,buy,9.95,Dollar Tree
03-10-2019,ETSY,YAHOO,USD,182.74,28,buy,1.0,Etsy Inc
07-10-2019,ETSY,YAHOO,USD,77.1,55,buy,0,Etsy Inc
10-10-2019,Account Fee,MANUAL,USD,0,0,fee,49.69,Quarterly fee
14-10-2019,DG,YAHOO,USD,0.81,34,dividend,0,Dollar General dividend
17-10-2019,GPS,YAHOO,USD,7.52,70,sell,9.95,Gap Inc
18-10-2019,Account Fee,MANUAL,USD,0,0,fee,12.18,Quarterly fee
22-10-2019,DG,YAHOO,USD,251.85,66,buy,0,Dollar General
22-10-2019,LULU,YAHOO,USD,89.87,54,sell,0,Lululemon
29-10-2019,NKE,YAHOO,USD,41.54,31,sell,4.95,Nike Inc
04-11-2019,NKE,YAHOO,USD,1.68,48,dividend,0,Nike Inc dividend
05-11-2019,ETSY,YAHOO,USD,2.35,33,dividend,0,Etsy Inc dividend
06-11-2019,NKE,YAHOO,USD,81.54,39,sell,0,Nike Inc
11-11-2019,DLTR,YAHOO,USD,3.27,15,dividend,0,Dollar Tree dividend
20-11-2019,GPS,YAHOO,USD,16.74,34,buy,0,Gap Inc
02-12-2019,DLTR,YAHOO,USD,72.6,5,buy,4.95,Dollar Tree
13-12-2019,NKE,YAHOO,USD,49.92,59,sell,0,Nike Inc
16-12-2019,LULU,YAHOO,USD,129.36,36,sell,1.0,Lululemon
19-12-2019,ETSY,YAHOO,USD,54.14,57,sell,0,Etsy Inc
23-12-2019,DLTR,YAHOO,USD,140.54,1,buy,0,Dollar Tree
02-01-2020,NKE,YAHOO,USD,89.36,38,sell,9.95,Nike Inc
06-01-2020,SBUX,YAHOO,USD,2.46,46,dividend,0,Starbucks dividend
07-01-2020,DG,YAHOO,USD,0.99,21,dividend,0,Dollar General dividend
13-01-2020,W,YAHOO,USD,54.3,27,buy,0,Wayfair
13-01-2020,DLTR,YAHOO,USD,41.02,6,sell,0,Dollar Tree
15-01-2020,ETSY,YAHOO,USD,91.96,1,buy,4.95,Etsy Inc
15-01-2020,GPS,YAHOO,USD,9.44,76,sell,0,Gap Inc
15-01-2020,LULU,YAHOO,USD,99.54,65,sell,0,Lululemon
20-01-2020,LULU,YAHOO,USD,110.43,38,sell,4.95,Lululemon
21-01-2020,Account Fee,MANUAL,USD,0,0,fee,43.68,Quarterly fee
21-01-2020,NKE,YAHOO,USD,91.09,36,sell,1.0,Nike Inc
30-01-2020,SBUX,YAHOO,USD,120.34,69,buy,4.95,Starbucks
03-02-2020,SBUX,YAHOO,USD,113.67,72,buy,9.95,Starbucks
03-02-2020,DG,YAHOO,USD,161.91,59,buy,4.95,Dollar General
13-02-2020,SBUX,YAHOO,USD,121.66,30,buy,0,Starbucks
14-02-2020,NKE,YAHOO,USD,192.75,75,buy,0,Nike Inc
17-02-2020,DG,YAHOO,USD,187.9,19,buy,0,Dollar General
17-02-2020,DLTR,YAHOO,USD,3.04,12,dividend,0,Dollar Tree dividend
21-02-2020,DG,YAHOO,USD,1.43,26,dividend,0,Dollar General dividend
03-03-2020,DLTR,YAHOO,USD,163.08,64,buy,0,Dollar Tree
09-03-2020,DG,YAHOO,USD,60.47,5,sell,4.95,Dollar General
11-03-2020,NKE,YAHOO,USD,3.08,24,dividend,0,Nike Inc dividend
16-03-2020,Account Fee,MANUAL,USD,0,0,fee,34.89,Quarterly fee
16-03-2020,GPS,YAHOO,USD,3.14,45,dividend,0,Gap Inc dividend
26-03-2020,DG,YAHOO,USD,30.58,28,sell,9.95,Dollar General
30-03-2020,NKE,YAHOO,USD,24.96,32,sell,9.95,Nike Inc
30-03-2020,SBUX,YAHOO,USD,66.41,15,sell,1.0,Starbucks
01-04-2020,NKE,YAHOO,USD,3.5,32,dividend,0,Nike Inc dividend
03-04-2020,Account Fee,MANUAL,USD,0,0,fee,32.01,Quarterly fee
06-04-2020,NKE,YAHOO,USD,201.55,48,buy,1.0,Nike Inc
06-04-2020,LULU,YAHOO,USD,113.71,80,sell,1.0,Lululemon
10-04-2020,DLTR,YAHOO,USD,2.5,26,dividend,0,Dollar Tree dividend
20-04-2020,GPS,YAHOO,USD,26.46,55,buy,1.0,Gap Inc
22-04-2020,DLTR,YAHOO,USD,98.68,31,buy,0,Dollar Tree
24-04-2020,NKE,YAHOO,USD,75.87,38,sell,4.95,Nike Inc
27-04-2020,LULU,YAHOO,USD,97.69,46,sell,4.95,Lululemon
27-04-2020,DLTR,YAHOO,USD,47.08,53,sell,0,Dollar Tree
28-04-2020,DLTR,YAHOO,USD,198.32,33,buy,0,Dollar Tree
28-04-2020,NKE,YAHOO,USD,140.61,75,buy,0,Nike Inc
29-04-2020,DLTR,YAHOO,USD,44.38,47,sell,1.0,Dollar Tree
04-05-2020,DLTR,YAHOO,USD,134.06,72,buy,4.95,Dollar Tree
05-05-2020,GPS,YAHOO,USD,4.68,17,sell,4.95,Gap Inc
07-05-2020,DLTR,YAHOO,USD,2.46,2,dividend,0,Dollar Tree dividend
11-05-2020,GPS,YAHOO,USD,16.98,37,buy,9.95,Gap Inc
11-05-2020,NKE,YAHOO,USD,67.28,35,sell,1.0,Nike Inc
12-05-2020,GPS,YAHOO,USD,18.1,51,buy,1.0,Gap Inc
18-05-2020,ETSY,YAHOO,USD,228.66,22,buy,0,Etsy Inc
28-05-2020,NKE,YAHOO,USD,146.96,51,buy,0,Nike Inc
01-06-2020,NKE,YAHOO,USD,113.33,18,buy,1.0,Nike Inc
03-06-2020,ETSY,YAHOO,USD,42.32,77,sell,0,Etsy Inc
05-06-2020,Account Fee,MANUAL,USD,0,0,fee,34.26,Quarterly fee
22-06-2020,SBUX,YAHOO,USD,25.69,65,sell,0,Starbucks
22-06-2020,SBUX,YAHOO,USD,109.82,34,buy,4.95,Starbucks
22-06-2020,GPS,YAHOO,USD,20.28,53,buy,9.95,Gap Inc
23-06-2020,LULU,YAHOO,USD,408.33,62,buy,0,Lululemon
23-06-2020,DLTR,YAHOO,USD,65.99,26,sell,0,Dollar Tree
23-06-2020,DG,YAHOO,USD,36.98,51,sell,0,Dollar General
24-06-2020,LULU,YAHOO,USD,322.16,53,buy,0,Lululemon
25-06-2020,LULU,YAHOO,USD,2.68,5,dividend,0,Lululemon dividend
06-07-2020,DLTR,YAHOO,USD,165.03,70,buy,0,Dollar Tree
06-07-2020,DG,YAHOO,USD,186.84,6,buy,0,Dollar General
13-07-2020,DG,YAHOO,USD,107.59,56,sell,0,Dollar General
16-07-2020,SBUX,YAHOO,USD,55.12,40,sell,9.95,Starbucks
21-07-2020,NKE,YAHOO,USD,32.72,19,sell,9.95,Nike Inc
21-07-2020,NKE,YAHOO,USD,74.3,19,sell,0,Nike Inc
03-08-2020,GPS,YAHOO,USD,8.85,6,sell,9.95,Gap Inc
03-08-2020,DG,YAHOO,USD,71.9,65,sell,9.95,Dollar General
10-08-2020,ETSY,YAHOO,USD,57.89,6,sell,9.95,Etsy Inc
10-08-2020,LULU,YAHOO,USD,429.58,12,buy,0,Lululemon
11-08-2020,Account Fee,MANUAL,USD,0,0,fee,16.71,Quarterly fee
17-08-2020,NKE,YAHOO,USD,48.62,80,sell,1.0,Nike Inc
26-08-2020,W,YAHOO,USD,55.23,21,buy,9.95,Wayfair
03-09-2020,DLTR,YAHOO,USD,161.14,79,buy,4.95,Dollar Tree
07-09-2020,LULU,YAHOO,USD,143.99,25,sell,0,Lululemon
14-09-2020,W,YAHOO,USD,108.44,10,buy,4.95,Wayfair
14-09-2020,DG,YAHOO,USD,209.64,69,buy,9.95,Dollar General
18-09-2020,DG,YAHOO,USD,179.36,1,buy,4.95,Dollar General
21-09-2020,SBUX,YAHOO,USD,43.07,58,sell,0,Starbucks
21-09-2020,DG,YAHOO,USD,0.79,49,dividend,0,Dollar General dividend
22-09-2020,SBUX,YAHOO,USD,3.28,13,dividend,0,Starbucks dividend
24-09-2020,LULU,YAHOO,USD,501.25,67,buy,4.95,Lululemon
24-09-2020,NKE,YAHOO,USD,56.04,80,sell,0,Nike Inc
28-09-2020,GPS,YAHOO,USD,19.36,23,buy,9.95,Gap Inc
02-10-2020,DG,YAHOO,USD,192.6,7,buy,0,Dollar General
09-10-2020,SBUX,YAHOO,USD,144.57,33,buy,9.95,Starbucks
12-10-2020,GPS,YAHOO,USD,23.9,46,buy,1.0,Gap Inc
13-10-2020,LULU,YAHOO,USD,281.55,13,buy,0,Lululemon
14-10-2020,ETSY,YAHOO,USD,36.1,14,sell,4.95,Etsy Inc
15-10-2020,GPS,YAHOO,USD,5.18,24,sell,9.95,Gap Inc
19-10-2020,DG,YAHOO,USD,191.17,74,buy,0,Dollar General
22-10-2020,NKE,YAHOO,USD,2.02,6,dividend,0,Nike Inc dividend
22-10-2020,DLTR,YAHOO,USD,107.48,3,buy,0,Dollar Tree
26-10-2020,SBUX,YAHOO,USD,101.56,30,buy,0,Starbucks
02-11-2020,LULU,YAHOO,USD,2.61,33,dividend,0,Lululemon dividend
04-11-2020,ETSY,YAHOO,USD,77.48,25,sell,0,Etsy Inc
04-11-2020,W,YAHOO,USD,37.43,3,sell,0,Wayfair
17-11-2020,ETSY,YAHOO,USD,34.39,53,sell,0,Etsy Inc
23-11-2020,DG,YAHOO,USD,146.0,29,buy,0,Dollar General
23-11-2020,NKE,YAHOO,USD,0.42,40,dividend,0,Nike Inc dividend
25-11-2020,GPS,YAHOO,USD,25.46,40,buy,0,Gap Inc
30-11-2020,DG,YAHOO,USD,199.94,45,buy,9.95,Dollar General
01-12-2020,LULU,YAHOO,USD,87.8,80,sell,1.0,Lululemon
07-12-2020,W,YAHOO,USD,3.09,46,dividend,0,Wayfair dividend
07-12-2020,NKE,YAHOO,USD,69.74,11,sell,0,Nike Inc
28-12-2020,DLTR,YAHOO,USD,140.22,19,buy,4.95,Dollar Tree
04-01-2021,W,YAHOO,USD,102.73,59,buy,0,Wayfair
11-01-2021,W,YAHOO,USD,253.25,56,buy,0,Wayfair
11-01-2021,ETSY,YAHOO,USD,1.55,29,dividend,0,Etsy Inc dividend
15-01-2021,DLTR,YAHOO,USD,74.18,67,sell,9.95,Dollar Tree
18-01-2021,NKE,YAHOO,USD,96.65,55,buy,9.95,Nike Inc
18-01-2021,LULU,YAHOO,USD,233.48,50,sell,0,Lululemon
20-01-2021,LULU,YAHOO,USD,2.95,28,dividend,0,Lululemon dividend
29-01-2021,GPS,YAHOO,USD,4.46,57,sell,0,Gap Inc
01-02-2021,GPS,YAHOO,USD,0.67,43,dividend,0,Gap Inc dividend
02-02-2021,LULU,YAHOO,USD,173.85,29,sell,9.95,Lululemon
12-02-2021,DG,YAHOO,USD,52.85,4,sell,4.95,Dollar General
15-02-2021,GPS,YAHOO,USD,20.13,79,buy,4.95,Gap Inc
16-02-2021,ETSY,YAHOO,USD,170.84,36,buy,4.95,Etsy Inc
23-02-2021,DLTR,YAHOO,USD,72.05,38,buy,1.0,Dollar Tree
24-02-2021,W,YAHOO,USD,43.66,66,sell,0,Wayfair
26-02-2021,GPS,YAHOO,USD,0.66,34,dividend,0,Gap Inc dividend
01-03-2021,NKE,YAHOO,USD,42.8,61,sell,0,Nike Inc
01-03-2021,NKE,YAHOO,USD,136.1,42,buy,0,Nike Inc
09-03-2021,ETSY,YAHOO,USD,118.53,10,buy,4.95,Etsy Inc
10-03-2021,SBUX,YAHOO,USD,27.63,58,sell,4.95,Starbucks
12-03-2021,DG,YAHOO,USD,2.66,9,dividend,0,Dollar General dividend
15-03-2021,DLTR,YAHOO,USD,76.63,10,sell,0,Dollar Tree
23-03-2021,NKE,YAHOO,USD,41.18,10,sell,0,Nike Inc
29-03-2021,SBUX,YAHOO,USD,108.91,21,buy,1.0,Starbucks
31-03-2021,GPS,YAHOO,USD,9.1,40,sell,0,Gap Inc
01-04-2021,SBUX,YAHOO,USD,21.75,70,sell,4.95,Starbucks
02-04-2021,DLTR,YAHOO,USD,151.55,1,buy,4.95,Dollar Tree
05-04-2021,DLTR,YAHOO,USD,94.22,63,buy,1.0,Dollar Tree
08-04-2021,DLTR,YAHOO,USD,168.81,35,buy,9.95,Dollar Tree
09-04-2021,DG,YAHOO,USD,251.02,55,buy,9.95,Dollar General
12-04-2021,LULU,YAHOO,USD,203.2,50,sell,0,Lululemon
13-04-2021,ETSY,YAHOO,USD,214.9,28,buy,4.95,Etsy Inc
16-04-2021,GPS,YAHOO,USD,22.88,46,buy,4.95,Gap Inc
23-04-2021,LULU,YAHOO,USD,345.69,28,buy,0,Lululemon
26-04-2021,LULU,YAHOO,USD,113.91,58,sell,0,Lululemon
26-04-2021,DLTR,YAHOO,USD,40.41,49,sell,0,Dollar Tree
26-04-2021,GPS,YAHOO,USD,4.82,22,sell,0,Gap Inc
06-05-2021,NKE,YAHOO,USD,151.63,50,buy,0,Nike Inc
07-05-2021,W,YAHOO,USD,89.28,11,buy,0,Wayfair
12-05-2021,DLTR,YAHOO,USD,62.49,45,sell,0,Dollar Tree
13-05-2021,SBUX,YAHOO,USD,45.46,51,sell,0,Starbucks
14-05-2021,DLTR,YAHOO,USD,44.87,1,sell,1.0,Dollar Tree
14-05-2021,NKE,YAHOO,USD,37.64,60,sell,1.0,Nike Inc
24-05-2021,DLTR,YAHOO,USD,136.76,54,buy,1.0,Dollar Tree
24-05-2021,LULU,YAHOO,USD,359.58,36,buy,0,Lululemon
24-05-2021,DG,YAHOO,USD,200.01,74,buy,4.95,Dollar General
25-05-2021,NKE,YAHOO,USD,0.17,13,dividend,0,Nike Inc dividend
10-06-2021,LULU,YAHOO,USD,0.55,26,dividend,0,Lululemon dividend
14-06-2021,GPS,YAHOO,USD,9.18,28,sell,0,Gap Inc
15-06-2021,DG,YAHOO,USD,238.96,64,buy,0,Dollar General
21-06-2021,SBUX,YAHOO,USD,118.97,29,buy,0,Starbucks
25-06-2021,DG,YAHOO,USD,240.41,52,buy,0,Dollar General
28-06-2021,DG,YAHOO,USD,125.3,31,sell,0,Dollar General
05-07-2021,ETSY,YAHOO,USD,96.27,61,buy,0,Etsy Inc
07-07-2021,SBUX,YAHOO,USD,112.76,72,buy,9.95,Starbucks
13-07-2021,ETSY,YAHOO,USD,212.9,43,buy,1.0,Etsy Inc
13-07-2021,ETSY,YAHOO,USD,35.99,20,sell,0,Etsy Inc
14-07-2021,W,YAHOO,USD,31.29,41,sell,1.0,Wayfair
15-07-2021,DLTR,YAHOO,USD,46.95,23,sell,1.0,Dollar Tree
19-07-2021,Account Fee,MANUAL,USD,0,0,fee,11.03,Quarterly fee
19-07-2021,W,YAHOO,USD,0.9,19,dividend,0,Wayfair dividend
26-07-2021,Account Fee,MANUAL,USD,0,0,fee,24.33,Quarterly fee
29-07-2021,GPS,YAHOO,USD,20.47,52,buy,9.95,Gap Inc
02-08-2021,LULU,YAHOO,USD,330.31,42,buy,0,Lululemon
09-08-2021,W,YAHOO,USD,3.47,9,dividend,0,Wayfair dividend
11-08-2021,NKE,YAHOO,USD,71.97,64,sell,1.0,Nike Inc
11-08-2021,ETSY,YAHOO,USD,0.61,29,dividend,0,Etsy Inc dividend
16-08-2021,LULU,YAHOO,USD,3.26,18,dividend,0,Lululemon dividend
23-08-2021,NKE,YAHOO,USD,120.76,75,buy,0,Nike Inc
30-08-2021,DLTR,YAHOO,USD,1.0,45,dividend,0,Dollar Tree dividend
02-09-2021,SBUX,YAHOO,USD,132.09,56,buy,1.0,Starbucks
03-09-2021,NKE,YAHOO,USD,77.48,71,sell,0,Nike Inc
13-09-2021,NKE,YAHOO,USD,137.3,41,buy,4.95,Nike Inc
13-09-2021,W,YAHOO,USD,186.76,14,buy,4.95,Wayfair
20-09-2021,LULU,YAHOO,USD,168.06,60,sell,4.95,Lululemon
20-09-2021,LULU,YAHOO,USD,359.83,75,buy,4.95,Lululemon
20-09-2021,LULU,YAHOO,USD,377.0,20,buy,0,Lululemon
29-09-2021,W,YAHOO,USD,1.68,28,dividend,0,Wayfair dividend
01-10-2021,NKE,YAHOO,USD,39.82,13,sell,0,Nike Inc
06-10-2021,SBUX,YAHOO,USD,1.71,36,dividend,0,Starbucks dividend
07-10-2021,DG,YAHOO,USD,235.63,44,buy,9.95,Dollar General
11-10-2021,DG,YAHOO,USD,253.92,49,buy,4.95,Dollar General
18-10-2021,DLTR,YAHOO,USD,1.11,29,dividend,0,Dollar Tree dividend
29-10-2021,Account Fee,MANUAL,USD,0,0,fee,28.87,Quarterly fee
08-11-2021,GPS,YAHOO,USD,8.17,31,sell,0,Gap Inc
15-11-2021,W,YAHOO,USD,83.94,19,buy,9.95,Wayfair
15-11-2021,DLTR,YAHOO,USD,100.39,16,buy,0,Dollar Tree
22-11-2021,ETSY,YAHOO,USD,104.17,62,buy,1.0,Etsy Inc
22-11-2021,NKE,YAHOO,USD,40.39,10,sell,0,Nike Inc
29-11-2021,ETSY,YAHOO,USD,80.42,21,buy,1.0,Etsy Inc
30-11-2021,ETSY,YAHOO,USD,92.83,69,buy,9.95,Etsy Inc
06-12-2021,GPS,YAHOO,USD,19.66,67,buy,0,Gap Inc
07-12-2021,NKE,YAHOO,USD,104.84,35,buy,0,Nike Inc
08-12-2021,SBUX,YAHOO,USD,17.79,48,sell,0,Starbucks
08-12-2021,DG,YAHOO,USD,156.36,35,buy,4.95,Dollar General
13-12-2021,NKE,YAHOO,USD,1.95,44,dividend,0,Nike Inc dividend
20-12-2021,NKE,YAHOO,USD,106.58,74,buy,0,Nike Inc
24-12-2021,GPS,YAHOO,USD,9.96,44,sell,0,Gap Inc
24-12-2021,GPS,YAHOO,USD,11.43,36,sell,0,Gap Inc
27-12-2021,DG,YAHOO,USD,35.6,74,sell,4.95,Dollar General
27-12-2021,SBUX,YAHOO,USD,145.07,71,buy,0,Starbucks
28-12-2021,SBUX,YAHOO,USD,61.62,44,sell,0,Starbucks
31-12-2021,GPS,YAHOO,USD,26.62,72,buy,0,Gap Inc
03-01-2022,LULU,YAHOO,USD,477.05,42,buy,4.95,Lululemon
04-01-2022,DLTR,YAHOO,USD,134.96,11,buy,0,Dollar Tree
05-01-2022,DLTR,YAHOO,USD,100.11,61,buy,0,Dollar Tree
06-01-2022,GPS,YAHOO,USD,22.1,59,buy,0,Gap Inc
07-01-2022,ETSY,YAHOO,USD,59.3,44,sell,0,Etsy Inc
12-01-2022,ETSY,YAHOO,USD,223.86,8,buy,0,Etsy Inc
13-01-2022,Account Fee,MANUAL,USD,0,0,fee,16.05,Quarterly fee
14-01-2022,LULU,YAHOO,USD,155.72,1,sell,0,Lululemon
18-01-2022,LULU,YAHOO,USD,192.38,17,sell,0,Lululemon
21-01-2022,DLTR,YAHOO,USD,49.55,21,sell,1.0,Dollar Tree
24-01-2022,ETSY,YAHOO,USD,93.98,24,sell,9.95,Etsy Inc
26-01-2022,W,YAHOO,USD,145.63,50,buy,4.95,Wayfair
07-02-2022,NKE,YAHOO,USD,19.3,35,sell,0,Nike Inc
15-02-2022,Account Fee,MANUAL,USD,0,0,fee,36.43,Quarterly fee
15-02-2022,GPS,YAHOO,USD,7.02,39,sell,4.95,Gap Inc
15-02-2022,GPS,YAHOO,USD,1.44,29,dividend,0,Gap Inc dividend
16-02-2022,ETSY,YAHOO,USD,112.66,31,buy,1.0,Etsy Inc
03-03-2022,DLTR,YAHOO,USD,121.33,2,buy,0,Dollar Tree
04-03-2022,LULU,YAHOO,USD,0.84,40,dividend,0,Lululemon dividend
11-03-2022,DG,YAHOO,USD,208.46,42,buy,4.95,Dollar General
14-03-2022,LULU,YAHOO,USD,108.12,41,sell,1.0,Lululemon
14-03-2022,LULU,YAHOO,USD,359.36,18,buy,9.95,Lululemon
17-03-2022,DLTR,YAHOO,USD,54.5,42,sell,0,Dollar Tree
23-03-2022,LULU,YAHOO,USD,500.93,11,buy,0,Lululemon
28-03-2022,GPS,YAHOO,USD,3.37,43,dividend,0,Gap Inc dividend
28-03-2022,SBUX,YAHOO,USD,64.92,5,sell,9.95,Starbucks
08-04-2022,NKE,YAHOO,USD,190.35,50,buy,0,Nike Inc
18-04-2022,LULU,YAHOO,USD,114.26,36,sell,0,Lululemon
18-04-2022,NKE,YAHOO,USD,151.67,1,buy,1.0,Nike Inc
19-04-2022,SBUX,YAHOO,USD,20.59,31,sell,0,Starbucks
02-05-2022,LULU,YAHOO,USD,350.99,69,buy,0,Lululemon
05-05-2022,NKE,YAHOO,USD,0.62,3,dividend,0,Nike Inc dividend
12-05-2022,NKE,YAHOO,USD,188.6,67,buy,9.95,Nike Inc
16-05-2022,SBUX,YAHOO,USD,22.76,44,sell,0,Starbucks
17-05-2022,W,YAHOO,USD,36.88,37,sell,0,Wayfair
17-05-2022,GPS,YAHOO,USD,25.29,9,buy,9.95,Gap Inc
23-05-2022,Account Fee,MANUAL,USD,0,0,fee,26.36,Quarterly fee
26-05-2022,ETSY,YAHOO,USD,122.11,1,buy,9.95,Etsy Inc
27-05-2022,NKE,YAHOO,USD,98.43,36,buy,4.95,Nike Inc
06-06-2022,GPS,YAHOO,USD,2.82,38,dividend,0,Gap Inc dividend
23-06-2022,W,YAHOO,USD,1.29,2,dividend,0,Wayfair dividend
27-06-2022,GPS,YAHOO,USD,20.58,9,buy,0,Gap Inc
27-06-2022,Account Fee,MANUAL,USD,0,0,fee,17.47,Quarterly fee
28-06-2022,GPS,YAHOO,USD,7.77,39,sell,0,Gap Inc
28-06-2022,GPS,YAHOO,USD,8.25,34,sell,0,Gap Inc
05-07-2022,DG,YAHOO,USD,143.24,10,buy,4.95,Dollar General
11-07-2022,W,YAHOO,USD,62.52,71,sell,9.95,Wayfair
11-07-2022,DG,YAHOO,USD,131.37,19,sell,0,Dollar General
18-07-2022,Account Fee,MANUAL,USD,0,0,fee,48.69,Quarterly fee
25-07-2022,W,YAHOO,USD,28.46,42,sell,1.0,Wayfair
25-07-2022,SBUX,YAHOO,USD,49.1,16,sell,0,Starbucks
27-07-2022,LULU,YAHOO,USD,0.76,42,dividend,0,Lululemon dividend
27-07-2022,LULU,YAHOO,USD,189.76,43,sell,4.95,Lululemon
29-07-2022,SBUX,YAHOO,USD,65.97,72,sell,0,Starbucks
01-08-2022,NKE,YAHOO,USD,32.92,65,sell,0,Nike Inc
08-08-2022,GPS,YAHOO,USD,4.75,25,sell,0,Gap Inc
16-08-2022,GPS,YAHOO,USD,7.76,14,sell,9.95,Gap Inc
02-09-2022,DG,YAHOO,USD,71.96,45,sell,0,Dollar General
05-09-2022,SBUX,YAHOO,USD,54.06,2,sell,9.95,Starbucks
05-09-2022,LULU,YAHOO,USD,331.24,15,buy,0,Lululemon
12-09-2022,SBUX,YAHOO,USD,56.33,29,sell,0,Starbucks
12-09-2022,DLTR,YAHOO,USD,0.83,2,dividend,0,Dollar Tree dividend
13-09-2022,GPS,YAHOO,USD,21.42,36,buy,1.0,Gap Inc
16-09-2022,LULU,YAHOO,USD,377.26,74,buy,4.95,Lululemon
22-09-2022,ETSY,YAHOO,USD,238.37,59,buy,9.95,Etsy Inc
22-09-2022,DG,YAHOO,USD,64.86,9,sell,0,Dollar General
29-09-2022,LULU,YAHOO,USD,339.57,57,buy,0,Lululemon
30-09-2022,LULU,YAHOO,USD,371.51,58,buy,4.95,Lululemon
03-10-2022,SBUX,YAHOO,USD,106.03,71,buy,9.95,Starbucks
03-10-2022,NKE,YAHOO,USD,128.72,31,buy,9.95,Nike Inc
11-10-2022,W,YAHOO,USD,117.46,28,sell,0,Wayfair
13-10-2022,GPS,YAHOO,USD,1.48,36,dividend,0,Gap Inc dividend
17-10-2022,SBUX,YAHOO,USD,127.99,9,buy,0,Starbucks
17-10-2022,SBUX,YAHOO,USD,90.23,60,buy,0,Starbucks
20-10-2022,ETSY,YAHOO,USD,116.35,25,buy,4.95,Etsy Inc
21-10-2022,LULU,YAHOO,USD,122.16,43,sell,4.95,Lululemon
24-10-2022,W,YAHOO,USD,204.52,6,buy,0,Wayfair
25-10-2022,ETSY,YAHOO,USD,88.35,38,sell,4.95,Etsy Inc
31-10-2022,ETSY,YAHOO,USD,124.56,52,buy,4.95,Etsy Inc
31-10-2022,SBUX,YAHOO,USD,55.82,44,sell,1.0,Starbucks
02-11-2022,LULU,YAHOO,USD,72.99,20,sell,4.95,Lululemon
03-11-2022,W,YAHOO,USD,2.17,11,dividend,0,Wayfair dividend
07-11-2022,SBUX,YAHOO,USD,122.89,57,buy,4.95,Starbucks
18-11-2022,NKE,YAHOO,USD,105.02,43,buy,1.0,Nike Inc
24-11-2022,LULU,YAHOO,USD,86.86,30,sell,0,Lululemon
05-12-2022,DG,YAHOO,USD,188.86,18,buy,1.0,Dollar General
05-12-2022,LULU,YAHOO,USD,418.52,11,buy,0,Lululemon
12-12-2022,W,YAHOO,USD,95.63,19,buy,0,Wayfair
12-12-2022,DG,YAHOO,USD,308.13,21,buy,4.95,Dollar General
13-12-2022,NKE,YAHOO,USD,149.67,18,buy,0,Nike Inc
13-12-2022,SBUX,YAHOO,USD,58.05,18,sell,0,Starbucks
19-12-2022,DLTR,YAHOO,USD,1.01,39,dividend,0,Dollar Tree dividend
26-12-2022,LULU,YAHOO,USD,381.69,67,buy,9.95,Lululemon
27-12-2022,NKE,YAHOO,USD,18.51,35,sell,4.95,Nike Inc
30-12-2022,Account Fee,MANUAL,USD,0,0,fee,14.44,Quarterly fee
02-01-2023,ETSY,YAHOO,USD,113.83,11,buy,1.0,Etsy Inc
04-01-2023,GPS,YAHOO,USD,0.23,44,dividend,0,Gap Inc dividend
17-01-2023,NKE,YAHOO,USD,1.72,6,dividend,0,Nike Inc dividend
17-01-2023,ETSY,YAHOO,USD,53.22,78,sell,0,Etsy Inc
23-01-2023,Account Fee,MANUAL,USD,0,0,fee,18.89,Quarterly fee
23-01-2023,GPS,YAHOO,USD,2.15,41,dividend,0,Gap Inc dividend
25-01-2023,NKE,YAHOO,USD,172.11,3,buy,0,Nike Inc
25-01-2023,SBUX,YAHOO,USD,54.33,14,sell,0,Starbucks
26-01-2023,GPS,YAHOO,USD,8.19,20,sell,0,Gap Inc
06-02-2023,W,YAHOO,USD,136.02,17,buy,9.95,Wayfair
07-02-2023,NKE,YAHOO,USD,108.77,33,buy,0,Nike Inc
17-02-2023,DG,YAHOO,USD,3.05,23,dividend,0,Dollar General dividend
20-02-2023,Account Fee,MANUAL,USD,0,0,fee,47.11,Quarterly fee
20-02-2023,SBUX,YAHOO,USD,34.42,46,sell,9.95,Starbucks
23-02-2023,SBUX,YAHOO,USD,106.66,33,buy,0,Starbucks
06-03-2023,DLTR,YAHOO,USD,59.48,32,sell,0,Dollar Tree
07-03-2023,LULU,YAHOO,USD,465.33,21,buy,9.95,Lululemon
08-03-2023,NKE,YAHOO,USD,48.36,4,sell,9.95,Nike Inc
13-03-2023,DG,YAHOO,USD,151.65,76,buy,4.95,Dollar General
14-03-2023,SBUX,YAHOO,USD,59.48,74,sell,1.0,Starbucks
16-03-2023,LULU,YAHOO,USD,229.18,64,sell,0,Lululemon
23-03-2023,GPS,YAHOO,USD,19.98,36,buy,0,Gap Inc
29-03-2023,DG,YAHOO,USD,42.42,9,sell,4.95,Dollar General
31-03-2023,LULU,YAHOO,USD,284.68,48,buy,0,Lululemon
10-04-2023,DG,YAHOO,USD,168.29,64,buy,0,Dollar General
10-04-2023,SBUX,YAHOO,USD,30.9,80,sell,0,Starbucks
13-04-2023,NKE,YAHOO,USD,35.64,3,sell,0,Nike Inc
14-04-2023,W,YAHOO,USD,103.22,40,buy,4.95,Wayfair
21-04-2023,GPS,YAHOO,USD,11.01,43,sell,0,Gap Inc
24-04-2023,SBUX,YAHOO,USD,52.82,77,sell,0,Starbucks
27-04-2023,W,YAHOO,USD,64.79,46,sell,9.95,Wayfair
01-05-2023,DLTR,YAHOO,USD,18.81,47,sell,0,Dollar Tree
08-05-2023,LULU,YAHOO,USD,177.12,67,sell,4.95,Lululemon
22-05-2023,LULU,YAHOO,USD,319.33,63,buy,0,Lululemon
22-05-2023,DLTR,YAHOO,USD,55.28,49,sell,1.0,Dollar Tree
23-05-2023,DG,YAHOO,USD,52.77,25,sell,4.95,Dollar General
01-06-2023,DG,YAHOO,USD,66.32,47,sell,1.0,Dollar General
05-06-2023,DLTR,YAHOO,USD,182.81,62,buy,9.95,Dollar Tree
12-06-2023,LULU,YAHOO,USD,2.95,40,dividend,0,Lululemon dividend
12-06-2023,DG,YAHOO,USD,3.48,4,dividend,0,Dollar General dividend
15-06-2023,ETSY,YAHOO,USD,30.76,65,sell,9.95,Etsy Inc
19-06-2023,DG,YAHOO,USD,59.19,41,sell,0,Dollar General
19-06-2023,SBUX,YAHOO,USD,18.72,60,sell,0,Starbucks
19-06-2023,SBUX,YAHOO,USD,97.42,7,buy,4.95,Starbucks
21-06-2023,DLTR,YAHOO,USD,165.93,72,buy,9.95,Dollar Tree
22-06-2023,LULU,YAHOO,USD,341.51,17,buy,4.95,Lululemon
28-06-2023,W,YAHOO,USD,0.45,13,dividend,0,Wayfair dividend
29-06-2023,GPS,YAHOO,USD,7.64,13,sell,4.95,Gap Inc
30-06-2023,GPS,YAHOO,USD,20.58,10,buy,1.0,Gap Inc
03-07-2023,DG,YAHOO,USD,233.37,58,buy,9.95,Dollar General
03-07-2023,LULU,YAHOO,USD,133.32,49,sell,9.95,Lululemon
24-07-2023,DG,YAHOO,USD,45.14,70,sell,0,Dollar General
28-07-2023,Account Fee,MANUAL,USD,0,0,fee,30.01,Quarterly fee
02-08-2023,GPS,YAHOO,USD,15.96,18,buy,4.95,Gap Inc
08-08-2023,DLTR,YAHOO,USD,83.7,15,sell,0,Dollar Tree
09-08-2023,LULU,YAHOO,USD,227.87,49,sell,0,Lululemon
14-08-2023,Account Fee,MANUAL,USD,0,0,fee,27.56,Quarterly fee
21-08-2023,W,YAHOO,USD,2.56,34,dividend,0,Wayfair dividend
22-08-2023,DLTR,YAHOO,USD,2.99,34,dividend,0,Dollar Tree dividend
29-08-2023,DLTR,YAHOO,USD,39.24,73,sell,1.0,Dollar Tree
04-09-2023,LULU,YAHOO,USD,453.82,23,buy,1.0,Lululemon
04-09-2023,W,YAHOO,USD,64.83,39,buy,4.95,Wayfair
04-09-2023,LULU,YAHOO,USD,76.85,63,sell,0,Lululemon
06-09-2023,W,YAHOO,USD,61.62,41,buy,0,Wayfair
08-09-2023,Account Fee,MANUAL,USD,0,0,fee,12.85,Quarterly fee
08-09-2023,GPS,YAHOO,USD,22.02,9,buy,0,Gap Inc
11-09-2023,NKE,YAHOO,USD,161.69,74,buy,1.0,Nike Inc
12-09-2023,LULU,YAHOO,USD,85.42,41,sell,9.95,Lululemon
13-09-2023,ETSY,YAHOO,USD,0.44,22,dividend,0,Etsy Inc dividend
14-09-2023,NKE,YAHOO,USD,2.61,42,dividend,0,Nike Inc dividend
29-09-2023,SBUX,YAHOO,USD,22.73,33,sell,0,Starbucks
29-09-2023,GPS,YAHOO,USD,9.39,74,sell,1.0,Gap Inc
06-10-2023,SBUX,YAHOO,USD,27.28,31,sell,0,Starbucks
13-10-2023,DLTR,YAHOO,USD,196.06,61,buy,4.95,Dollar Tree
17-10-2023,NKE,YAHOO,USD,22.43,12,sell,1.0,Nike Inc
20-10-2023,NKE,YAHOO,USD,33.85,67,sell,9.95,Nike Inc
27-10-2023,DG,YAHOO,USD,58.69,63,sell,9.95,Dollar General
06-11-2023,DLTR,YAHOO,USD,67.95,64,sell,0,Dollar Tree
06-11-2023,LULU,YAHOO,USD,359.03,54,buy,0,Lululemon
06-11-2023,DLTR,YAHOO,USD,163.54,18,buy,9.95,Dollar Tree
14-11-2023,W,YAHOO,USD,9.32,25,sell,0,Wayfair
16-11-2023,DLTR,YAHOO,USD,121.67,59,buy,0,Dollar Tree
20-11-2023,DLTR,YAHOO,USD,70.23,9,sell,0,Dollar Tree
21-11-2023,W,YAHOO,USD,242.79,54,buy,0,Wayfair
24-11-2023,ETSY,YAHOO,USD,76.55,56,sell,9.95,Etsy Inc
30-11-2023,DG,YAHOO,USD,289.49,53,buy,0,Dollar General
01-12-2023,DG,YAHOO,USD,65.18,11,sell,4.95,Dollar General
04-12-2023,Account Fee,MANUAL,USD,0,0,fee,41.88,Quarterly fee
08-12-2023,DLTR,YAHOO,USD,101.98,3,buy,9.95,Dollar Tree
11-12-2023,LULU,YAHOO,USD,2.2,3,dividend,0,Lululemon dividend
13-12-2023,GPS,YAHOO,USD,24.69,10,buy,1.0,Gap Inc
15-12-2023,Account Fee,MANUAL,USD,0,0,fee,30.57,Quarterly fee
21-12-2023,NKE,YAHOO,USD,22.41,22,sell,9.95,Nike Inc
21-12-2023,W,YAHOO,USD,183.09,51,buy,0,Wayfair
29-12-2023,SBUX,YAHOO,USD,125.12,35,buy,0,Starbucks
03-01-2024,LULU,YAHOO,USD,472.03,44,buy,4.95,Lululemon
04-01-2024,LULU,YAHOO,USD,397.63,21,buy,0,Lululemon
09-01-2024,NKE,YAHOO,USD,101.03,73,buy,0,Nike Inc
15-01-2024,LULU,YAHOO,USD,363.63,56,buy,0,Lululemon
22-01-2024,DG,YAHOO,USD,191.49,64,buy,4.95,Dollar General
29-01-2024,NKE,YAHOO,USD,153.75,52,buy,0,Nike Inc
29-01-2024,GPS,YAHOO,USD,7.81,80,sell,9.95,Gap Inc
02-02-2024,DLTR,YAHOO,USD,64.71,57,sell,0,Dollar Tree
06-02-2024,LULU,YAHOO,USD,79.73,36,sell,0,Lululemon
07-02-2024,GPS,YAHOO,USD,11.59,80,sell,4.95,Gap Inc
09-02-2024,NKE,YAHOO,USD,83.36,34,buy,4.95,Nike Inc
13-02-2024,LULU,YAHOO,USD,414.97,41,buy,9.95,Lululemon
14-02-2024,GPS,YAHOO,USD,23.19,9,buy,0,Gap Inc
26-02-2024,LULU,YAHOO,USD,356.36,13,buy,0,Lululemon
04-03-2024,DLTR,YAHOO,USD,49.07,75,sell,0,Dollar Tree
06-03-2024,DG,YAHOO,USD,36.45,33,sell,0,Dollar General
07-03-2024,DG,YAHOO,USD,147.95,31,buy,9.95,Dollar General
08-03-2024,SBUX,YAHOO,USD,3.44,42,dividend,0,Starbucks dividend
11-03-2024,DG,YAHOO,USD,2.7,17,dividend,0,Dollar General dividend
25-03-2024,DLTR,YAHOO,USD,1.0,20,dividend,0,Dollar Tree dividend
25-03-2024,W,YAHOO,USD,8.46,42,sell,0,Wayfair
25-03-2024,DG,YAHOO,USD,240.66,20,buy,0,Dollar General
01-04-2024,W,YAHOO,USD,60.56,78,sell,9.95,Wayfair
08-04-2024,DLTR,YAHOO,USD,135.25,45,buy,9.95,Dollar Tree
12-04-2024,DLTR,YAHOO,USD,66.79,47,sell,0,Dollar Tree
15-04-2024,SBUX,YAHOO,USD,1.11,3,dividend,0,Starbucks dividend
22-04-2024,DG,YAHOO,USD,46.94,66,sell,4.95,Dollar General
25-04-2024,NKE,YAHOO,USD,1.94,22,dividend,0,Nike Inc dividend
26-04-2024,DLTR,YAHOO,USD,65.65,76,sell,0,Dollar Tree
26-04-2024,Account Fee,MANUAL,USD,0,0,fee,37.53,Quarterly fee
29-04-2024,SBUX,YAHOO,USD,114.81,26,buy,9.95,Starbucks
07-05-2024,DLTR,YAHOO,USD,53.45,54,sell,0,Dollar Tree
13-05-2024,LULU,YAHOO,USD,305.57,11,buy,9.95,Lululemon
13-05-2024,ETSY,YAHOO,USD,32.25,59,sell,0,Etsy Inc
21-05-2024,DLTR,YAHOO,USD,188.26,53,buy,1.0,Dollar Tree
24-05-2024,GPS,YAHOO,USD,19.63,56,buy,1.0,Gap Inc
28-05-2024,DLTR,YAHOO,USD,0.53,28,dividend,0,Dollar Tree dividend
04-06-2024,ETSY,YAHOO,USD,33.43,71,sell,1.0,Etsy Inc
10-06-2024,Account Fee,MANUAL,USD,0,0,fee,14.43,Quarterly fee
10-06-2024,NKE,YAHOO,USD,141.61,37,buy,9.95,Nike Inc
17-06-2024,Account Fee,MANUAL,USD,0,0,fee,26.92,Quarterly fee
17-06-2024,GPS,YAHOO,USD,23.73,67,buy,0,Gap Inc
26-06-2024,NKE,YAHOO,USD,3.15,21,dividend,0,Nike Inc dividend
04-07-2024,ETSY,YAHOO,USD,0.97,18,dividend,0,Etsy Inc dividend
08-07-2024,NKE,YAHOO,USD,44.52,29,sell,1.0,Nike Inc
15-07-2024,ETSY,YAHOO,USD,134.32,66,buy,1.0,Etsy Inc
18-07-2024,W,YAHOO,USD,56.33,72,buy,1.0,Wayfair
26-07-2024,W,YAHOO,USD,2.83,37,dividend,0,Wayfair dividend
29-07-2024,ETSY,YAHOO,USD,175.93,29,buy,0,Etsy Inc
29-07-2024,SBUX,YAHOO,USD,58.92,13,sell,1.0,Starbucks
30-07-2024,ETSY,YAHOO,USD,94.33,61,buy,0,Etsy Inc
09-08-2024,DG,YAHOO,USD,36.39,30,sell,1.0,Dollar General
30-08-2024,SBUX,YAHOO,USD,125.44,8,buy,0,Starbucks
04-09-2024,NKE,YAHOO,USD,95.66,59,buy,0,Nike Inc
04-09-2024,W,YAHOO,USD,97.92,22,buy,1.0,Wayfair
11-09-2024,NKE,YAHOO,USD,184.33,65,buy,1.0,Nike Inc
11-09-2024,Account Fee,MANUAL,USD,0,0,fee,20.29,Quarterly fee
16-09-2024,ETSY,YAHOO,USD,126.17,6,buy,4.95,Etsy Inc
17-09-2024,SBUX,YAHOO,USD,132.73,2,buy,9.95,Starbucks
18-09-2024,SBUX,YAHOO,USD,21.8,23,sell,9.95,Starbucks
19-09-2024,DG,YAHOO,USD,134.88,17,sell,9.95,Dollar General
23-09-2024,GPS,YAHOO,USD,25.74,66,buy,4.95,Gap Inc
27-09-2024,W,YAHOO,USD,35.23,2,sell,9.95,Wayfair
30-09-2024,W,YAHOO,USD,87.67,38,buy,0,Wayfair
07-10-2024,GPS,YAHOO,USD,10.82,78,sell,1.0,Gap Inc
07-10-2024,DLTR,YAHOO,USD,180.78,20,buy,0,Dollar Tree
10-10-2024,ETSY,YAHOO,USD,24.99,22,sell,1.0,Etsy Inc
14-10-2024,GPS,YAHOO,USD,1.94,6,dividend,0,Gap Inc dividend
17-10-2024,LULU,YAHOO,USD,343.41,54,buy,1.0,Lululemon
22-10-2024,GPS,YAHOO,USD,21.5,37,buy,0,Gap Inc
28-10-2024,Account Fee,MANUAL,USD,0,0,fee,44.89,Quarterly fee
30-10-2024,Account Fee,MANUAL,USD,0,0,fee,20.76,Quarterly fee
04-11-2024,ETSY,YAHOO,USD,105.56,4,buy,1.0,Etsy Inc
06-11-2024,SBUX,YAHOO,USD,123.83,21,buy,9.95,Starbucks
11-11-2024,LULU,YAHOO,USD,273.44,18,buy,0,Lululemon
11-11-2024,SBUX,YAHOO,USD,34.73,6,sell,0,Starbucks
18-11-2024,DLTR,YAHOO,USD,191.22,63,buy,9.95,Dollar Tree
26-11-2024,NKE,YAHOO,USD,140.66,52,buy,0,Nike Inc
27-11-2024,LULU,YAHOO,USD,445.76,42,buy,0,Lululemon
28-11-2024,LULU,YAHOO,USD,145.69,38,sell,0,Lululemon
02-12-2024,SBUX,YAHOO,USD,1.19,29,dividend,0,Starbucks dividend
06-12-2024,NKE,YAHOO,USD,117.84,24,buy,0,Nike Inc
09-12-2024,GPS,YAHOO,USD,20.36,41,buy,4.95,Gap Inc
09-12-2024,DG,YAHOO,USD,42.63,17,sell,1.0,Dollar General
12-12-2024,NKE,YAHOO,USD,20.84,35,sell,0,Nike Inc
18-12-2024,SBUX,YAHOO,USD,60.01,10,sell,1.0,Starbucks
20-12-2024,NKE,YAHOO,USD,160.38,37,buy,0,Nike Inc
24-12-2024,DLTR,YAHOO,USD,0.61,41,dividend,0,Dollar Tree dividend
27-12-2024,DG,YAHOO,USD,1.37,15,dividend,0,Dollar General dividend
30-12-2024,DLTR,YAHOO,USD,32.39,51,sell,1.0,Dollar Tree
30-12-2024,ETSY,YAHOO,USD,70.45,74,sell,4.95,Etsy Inc
06-01-2025,NKE,YAHOO,USD,23.35,6,sell,0,Nike Inc
06-01-2025,SBUX,YAHOO,USD,116.92,50,buy,4.95,Starbucks
07-01-2025,DG,YAHOO,USD,77.58,33,sell,4.95,Dollar General
07-01-2025,W,YAHOO,USD,70.05,30,buy,4.95,Wayfair
07-01-2025,ETSY,YAHOO,USD,59.87,34,buy,0,Etsy Inc
13-01-2025,DG,YAHOO,USD,72.01,26,sell,0,Dollar General
16-01-2025,NKE,YAHOO,USD,128.76,10,buy,0,Nike Inc
20-01-2025,GPS,YAHOO,USD,3.9,6,sell,4.95,Gap Inc
28-01-2025,DLTR,YAHOO,USD,94.25,23,buy,0,Dollar Tree
29-01-2025,NKE,YAHOO,USD,114.31,44,buy,0,Nike Inc
